"","seq.from...1..to...1000.","x","y","fit2","fit3","fit4","fit5","fit6","fit20","fit40","fit80","fit160","fit240","fitcv"
"1",1,0,-0.574671996981531,-0.204110174047185,-0.440972602650767,-0.868631229124548,-1.10220187564878,-1.15434495196945,-0.939936997617749,-0.907519111128121,-0.855364331463071,-0.646571326463928,-0.646571326463928,-1.03143899749525
"2",2,0.00943421217294232,-1.19554325880624,-0.202684606031911,-0.437541543424926,-0.861767011581531,-1.09382813260192,-1.14618075580566,-0.939283515125911,-0.910223068486696,-0.887580761450636,-1.02511521855724,-1.02511521855724,-1.02715032225814
"5",5,0.0377368486917693,-0.898577787144989,-0.198407902086916,-0.427248379747657,-0.841174332631276,-1.06870664732993,-1.12168745096663,-0.93725098899603,-0.917114711266702,-0.9553980439911,-1.12449859866348,-1.12449859866348,-1.01427621110751
"8",8,0.0660394852105962,-0.9799343196547,-0.194131198617497,-0.416955286769367,-0.820581598050731,-1.04358424741788,-1.09719152136606,-0.935004625455133,-0.920723320531652,-0.964594406835648,-0.950070334054151,-0.950070334054151,-1.00137462688622
"9",9,0.0754736973835386,-1.087141315596,-0.192705631063499,-0.413524298486217,-0.813717361238175,-1.0352097649329,-1.08902515566771,-0.934199742213361,-0.921269026019492,-0.957887955373933,-0.908720852033554,-0.908720852033554,-0.997064367387119
"15",15,0.132078970421192,-0.634072859305384,-0.184152231531412,-0.392939311963807,-0.772532466002931,-0.984956856919541,-1.04000806667964,-0.928736711020055,-0.920952120040033,-0.901394031321701,-0.837583616189094,-0.837583616189094,-0.971045019158731
"17",17,0.150947394767077,-0.936104433046622,-0.181301101615436,-0.386078185205285,-0.758804526674102,-0.968202769508382,-1.02365907696555,-0.926653764328564,-0.920525464218968,-0.902858173096182,-0.878044622950116,-0.878044622950116,-0.962291955260286
"19",19,0.169815819112962,-1.02701812056539,-0.178449974104449,-0.379217456083546,-0.745076892664242,-0.951446550761543,-1.00730315342448,-0.924402846928956,-0.92008728799705,-0.913770097889736,-0.931705034880686,-0.931705034880686,-0.953484088971442
"23",23,0.207552667804731,-0.998815399729102,-0.172747728566859,-0.365497572673015,-0.717622924450924,-0.917926099684141,-0.974564899790077,-0.919252364501736,-0.918588827786065,-0.928585938517668,-0.995971001556708,-0.995971001556708,-0.93566004318986
"27",27,0.2452895164965,-0.928869966551653,-0.167045499706998,-0.351780471108692,-0.69017142226013,-0.884392298062919,-0.94178199786763,-0.913014610194601,-0.915696225024999,-0.898843775277254,-0.921507219631235,-0.921507219631235,-0.917485571817775
"29",29,0.264157940842385,-0.859713573866124,-0.164194393323887,-0.344923270517404,-0.676446975626374,-0.867619428856376,-0.925370153979567,-0.909425772591558,-0.913981771705986,-0.880726250602995,-0.865241275711749,-0.865241275711749,-0.908240238368624
"31",31,0.28302636518827,-0.652986233435519,-0.161343293311316,-0.33806714289218,-0.662723619781717,-0.850842074389267,-0.90894274868367,-0.905494200317832,-0.912307280320237,-0.872365582658453,-0.825166787724783,-0.825166787724783,-0.898875373135679
"37",37,0.339631638225924,-1.27365802667061,-0.152790040146649,-0.317506696670116,-0.621562178374091,-0.800479466627107,-0.859551927337711,-0.891311019052764,-0.906282964602632,-0.924938717262247,-0.875686256713929,-0.875686256713929,-0.869951391986532
"39",39,0.358500062571808,-0.728800899741483,-0.149938974675236,-0.310656434790858,-0.6078454236634,-0.783680599311827,-0.843046857515239,-0.885635211440569,-0.902460638400443,-0.948684421449762,-0.921004387247992,-0.921004387247992,-0.859993910358036
"43",43,0.396236911263577,-0.905468764531024,-0.144236878107713,-0.296961789187306,-0.580419061754767,-0.750063808674197,-0.809965021472537,-0.872580585911378,-0.889237489264298,-0.965426813004698,-0.993639170958921,-0.993639170958921,-0.839532855248949
"44",44,0.40567112343652,-1.11301848017401,-0.1428113618639,-0.293539481179641,-0.573564153797758,-0.741655396878915,-0.801678480053746,-0.868928784975142,-0.884431610733507,-0.958076613134379,-0.999773178576348,-0.999773178576348,-0.834295196848071
"45",45,0.415105335609462,-0.695558937127264,-0.141385849070588,-0.290117766215939,-0.566710006248864,-0.733245247694702,-0.793385160921194,-0.8651144192636,-0.878958842065012,-0.942992788927292,-0.99355343517272,-0.99355343517272,-0.829006188411616
"46",46,0.424539547782404,-0.899782046271983,-0.139960339896997,-0.286696674725667,-0.559856675634934,-0.724833354713441,-0.78508492094545,-0.861136347743446,-0.872815582104817,-0.917787537295528,-0.968342905802837,-0.968342905802837,-0.823664977835012
"47",47,0.433973759955347,-0.957708283318551,-0.138534834515371,-0.283276237805914,-0.553004221309752,-0.716419719206996,-0.776777634528518,-0.856996934079481,-0.86606904196277,-0.88138956386644,-0.920270373527565,-0.920270373527565,-0.818270987389933
"48",48,0.443407972128289,-1.1706680842477,-0.137109333110061,-0.279856489224269,-0.546152713934848,-0.708004373167163,-0.768463246198162,-0.85271256072892,-0.859069681804083,-0.837993609128416,-0.856527893432016,-0.856527893432016,-0.812824736853044
"50",50,0.462276396474174,-0.708884478090484,-0.134258342977901,-0.273019194816153,-0.532452833989737,-0.691168708174442,-0.751813012033983,-0.843788483589296,-0.84599759115301,-0.752252752540153,-0.721864582144793,-0.721864582144793,-0.801778632115492
"52",52,0.481144820820058,-0.678277050746901,-0.13140737104591,-0.266185075345195,-0.518757638866195,-0.674326669512238,-0.735133844530813,-0.834490438474768,-0.836278720210781,-0.696331701236154,-0.629356007169366,-0.629356007169366,-0.790531156585061
"55",55,0.509447457338885,-0.441073827918745,-0.127130951074085,-0.255940545836583,-0.498225086806681,-0.649052269675634,-0.710059387349727,-0.819821486278912,-0.827588812810871,-0.671172446109588,-0.578971622497766,-0.578971622497766,-0.773275342796932
"71",71,0.660394852105962,-1.04363447912367,-0.104324382906207,-0.201481134412845,-0.389015974338747,-0.514061757350755,-0.575103430823315,-0.721962291091697,-0.797580764674441,-0.94910320802476,-0.997929321200227,-0.997929321200227,-0.672810256682282
"77",77,0.717000125143616,-0.91150546484398,-0.0957724790449361,-0.181158702153323,-0.348239073768683,-0.463376163784621,-0.52391554854647,-0.674493156335466,-0.744774708443241,-0.871578693575315,-0.932522775110426,-0.932522775110426,-0.631173968398761
"82",82,0.764171186008328,-0.595446545439435,-0.08864618292603,-0.164275545427316,-0.314354920893825,-0.421124836746755,-0.481005434153493,-0.630580868117209,-0.677473766564941,-0.712488453082794,-0.721438675621587,-0.721438675621587,-0.594798238904424
"83",83,0.77360539818127,-0.803998621399264,-0.0872209582647338,-0.160905143262411,-0.307589824778287,-0.412673958920283,-0.472395561366228,-0.621379244255773,-0.661863180245497,-0.675517710936571,-0.666534842392995,-0.666534842392995,-0.587343200268195
"84",84,0.783039610354213,-0.677986976658182,-0.0857957457090696,-0.157536926766113,-0.300828893877508,-0.404223091319246,-0.463776469418342,-0.612058828625697,-0.645725960832356,-0.638420389983051,-0.610500553829816,-0.610500553829816,-0.579829803271936
"89",89,0.830210671218924,-0.267851743069345,-0.0786698738584125,-0.140730391618797,-0.267091004764381,-0.361973278878303,-0.420545995106382,-0.564218692452597,-0.562600206486128,-0.488345981988058,-0.411111757857041,-0.411111757857041,-0.541433771703098
"91",91,0.849079095564809,-0.301662197658988,-0.0758196192192219,-0.134024843286004,-0.253629304368869,-0.345077815313783,-0.403192558513778,-0.544783115668085,-0.530902301211646,-0.461970861600692,-0.413556115217451,-0.413556115217451,-0.525712461646933
"96",96,0.896250156429521,-0.935262102660403,-0.0686942372412008,-0.117307299321842,-0.22006769274717,-0.302859705181769,-0.35966292726431,-0.496097937395551,-0.458308426624506,-0.452640874922652,-0.53942164393676,-0.53942164393676,-0.485568134586513
"101",101,0.943421217294232,-0.245579284144382,-0.061569247085682,-0.100661252315464,-0.186651540413118,-0.260684766231651,-0.31593510021786,-0.447944162715094,-0.394239536443607,-0.423017873939241,-0.543639838516107,-0.543639838516107,-0.444300843719941
"106",106,0.990592278158944,-0.171404725459818,-0.0544446841317,-0.0840934080797807,-0.153397485608835,-0.218570817826036,-0.272023059139126,-0.401153635915808,-0.338999968665496,-0.306237891202401,-0.247964932168178,-0.247964932168178,-0.402009048429038
"107",107,1.00002649033189,-0.350796054925211,-0.0530198260078506,-0.0807898332495793,-0.146767667820467,-0.210157090997031,-0.263220076822319,-0.392030959156949,-0.329526257709197,-0.285607086299607,-0.197208659775957,-0.197208659775957,-0.393436504693037
"110",110,1.02832912685071,-0.185729572813418,-0.0487453658659444,-0.0709001064689657,-0.126922770640333,-0.184936997938915,-0.236772672715815,-0.36525050391509,-0.305395134586859,-0.262439775396285,-0.171145763984971,-0.171145763984971,-0.367504887992248
"111",111,1.03776333902366,-0.38440951351284,-0.0473205848767355,-0.0676107172599154,-0.120323133271584,-0.176537877460761,-0.227944545938886,-0.35653809259868,-0.298952014769843,-0.272753598177836,-0.22141954008041,-0.22141954008041,-0.358792117687429
"113",113,1.05663176336954,-0.0231556001580815,-0.0444710832698721,-0.0610430588194632,-0.107147716684651,-0.15975198049905,-0.210270595584936,-0.339404809187769,-0.287928660639951,-0.308260103875798,-0.370943877245139,-0.370943877245139,-0.341262776423391
"115",115,1.07550018771542,-0.67273122029997,-0.0416216641538742,-0.0544906078005902,-0.0940050787582457,-0.142983623027348,-0.192573858264268,-0.322580847133179,-0.278179026026704,-0.334565321658259,-0.491288123230709,-0.491288123230709,-0.323591031566069
"120",120,1.12267124858014,-0.332242520127046,-0.0344984932797032,-0.0381790823706109,-0.0612998396299682,-0.101148856322297,-0.148240462093846,-0.28142817073372,-0.254570016560345,-0.26391712996729,-0.342216054591052,-0.342216054591052,-0.278770758546317
"124",124,1.16040809727191,-0.0896992891590834,-0.0288003649334322,-0.0252054356922464,-0.0353018937701732,-0.0677829744378227,-0.112692902573121,-0.249191369140468,-0.238672603082752,-0.177648286525807,-0.0915791606602366,-0.0915791606602366,-0.242256616108183
"126",126,1.17927652161779,-0.110880098605818,-0.0259514437840703,-0.0187451351068798,-0.0223618757322773,-0.0511385068503257,-0.0948967144674832,-0.233228642125495,-0.232713832747592,-0.168720263006529,-0.0560748166439356,-0.0560748166439356,-0.223781417244399
"129",129,1.20757915813662,0.270249550597547,-0.0216782478951135,-0.00908919808177242,-0.0030291570766801,-0.0262244672627873,-0.0681789406218331,-0.209338700792865,-0.226081320358737,-0.218454917930484,-0.18219662652455,-0.18219662652455,-0.195792262921976
"130",130,1.21701337030956,-0.603528797770633,-0.0202539000712255,-0.00587999713187274,0.0033938274769329,-0.0179346262485135,-0.0592674816435874,-0.201325738327767,-0.223743261888081,-0.240817047401028,-0.242797492657586,-0.242797492657586,-0.186385286851071
"131",131,1.2264475824825,-0.401077215940811,-0.0188295781705662,-0.00267561890581775,0.00980591837151528,-0.00965253480479465,-0.0503535535829097,-0.193257987920727,-0.220973256326248,-0.260244437600402,-0.29704727895806,-0.29704727895806,-0.176937955049498
"136",136,1.27361864334721,-0.359917780701549,-0.0117083688317254,0.0132717256339891,0.0416968569131415,0.0316332070444096,-0.00575638387570267,-0.151804725933563,-0.197808846505821,-0.27565462411248,-0.3701659651512,-0.3701659651512,-0.129088811473535
"140",140,1.31135549203898,-0.172028753053619,-0.0060119013914043,0.0259362544018828,0.066995129452407,0.0644958991087137,0.0299344608062292,-0.117179109567424,-0.168716439190901,-0.219892364735589,-0.266489426820498,-0.266489426820498,-0.0900948005243041
"148",148,1.38682918942252,0.330631536467446,0.00537961007787427,0.0509987266127978,0.116969483960806,0.129704909829444,0.101260067916502,-0.043530394318796,-0.0862297472499338,-0.0811314127828459,-0.0183753423205438,-0.0183753423205438,-0.0102992178542948
"149",149,1.39626340159546,-0.455968064894771,0.00680340911442674,0.0541052770080146,0.1231543440763,0.137802318056472,0.110163973352727,-0.0338770879810345,-0.0739160317337386,-0.0720628581285447,-0.0110809874129204,-0.0110809874129204,-0.000162432043030235
"155",155,1.45286867463312,-0.0864723672115739,0.0153455156165205,0.0726151668945514,0.159954596915284,0.186105826721199,0.163493564624131,0.02611742169293,0.00826660095123537,-0.0380931835722175,-0.050321267894424,-0.050321267894424,0.061353420521097
"158",158,1.48117131115194,0.0733846681172357,0.0196161117627416,0.0817839474050573,0.178147398488062,0.210063238515741,0.190079753738087,0.0573491004650141,0.0540846823215955,-0.00115412568752045,-0.0510518876016632,-0.0510518876016632,0.0925201022879979
"169",169,1.58494764505431,0.168843179415071,0.0352721850554265,0.114877122012949,0.243569429849327,0.296632835939097,0.286886225311107,0.176555687264902,0.215572131244962,0.247317248589246,0.181549387387802,0.181549387387802,0.20854310044226
"173",173,1.62268449374608,0.0894563137027913,0.0409641593706787,0.12669415307602,0.266822475812258,0.32755719397538,0.321743273578545,0.220784833177683,0.257363359605006,0.343530425529033,0.33272643444273,0.33272643444273,0.251192476016433
"175",175,1.64155291809196,0.540480962299504,0.0438099064808423,0.132557027091605,0.278334810705692,0.34289710878958,0.339087245658148,0.242902557169341,0.27219785629552,0.382502282352677,0.410419902929961,0.410419902929961,0.272567440894874
"177",177,1.66042134243785,0.656729860608356,0.0466554900588581,0.138388772563205,0.289768880994194,0.358151942016772,0.356369829097787,0.264996223377536,0.282373790655876,0.396612584399473,0.453481401756724,0.453481401756724,0.293963555147011
"178",178,1.66985555461079,0.349738730545885,0.0480782197122724,0.141292809289572,0.295456066026627,0.365746607185945,0.364986903368617,0.276031408923055,0.285597555737111,0.388010332789882,0.44953063125658,0.44953063125658,0.30466672783823
"179",179,1.67928976678373,0.91152650830138,0.0495009075123283,0.144188869097387,0.301123085801271,0.373318991557453,0.373587205753389,0.287061068469171,0.28758400599253,0.366557114623333,0.423645731994044,0.423645731994044,0.315372051670024
"182",182,1.70759240330256,-0.440605615081427,0.0537687167061156,0.152828567322115,0.318001255630405,0.395899325873877,0.399283306291031,0.320302921318786,0.28932332515521,0.251897087367238,0.25714240136293,0.25714240136293,0.347502754414194
"185",185,1.73589503982139,-0.149053447193111,0.0580361381460979,0.161394249763238,0.334691130164519,0.418267908757572,0.424813571464654,0.354210606800346,0.292317689209042,0.130244527961054,0.0687920100433141,0.0687920100433141,0.379662438730634
"186",186,1.74532925199433,0.382585671411833,0.0594585243599945,0.164232741582178,0.340211695564876,0.425675587216449,0.433284865260243,0.365753688062146,0.295212406638122,0.102715621772793,0.0248845963382958,0.0248845963382958,0.39038994335874
"199",199,1.86797401024258,0.466538436939084,0.0779454014829602,0.200339466142241,0.409931089246872,0.519579960096564,0.541366197392334,0.525535453095999,0.423174229717579,0.308197473352503,0.283082064701243,0.283082064701243,0.52939524446671
"209",209,1.962316131972,0.582065065582436,0.0921605581201006,0.227053324705263,0.460786103877215,0.588443946681642,0.62140193481084,0.65530040723062,0.593368339617995,0.660782952811651,0.723274373570297,0.723274373570297,0.634062923741897
"214",214,2.00948719283671,0.632303037748105,0.0992662303130094,0.240042593960895,0.485237536877431,0.621646561786379,0.660210217302913,0.720278222029883,0.686361019390674,0.729026839042,0.757470641248898,0.757470641248898,0.685014263489073
"219",219,2.05665825370143,0.88069042875048,0.106370582715564,0.252776683526565,0.509005046048012,0.653967712573621,0.698117444819553,0.783938025397723,0.780257094470468,0.766766726286446,0.745571958133032,0.745571958133032,0.734719144551646
"222",222,2.08496089022025,0.93030504201092,0.110632545664809,0.260291563445802,0.522927017699635,0.672918032453772,0.720399633638967,0.821008137276961,0.836185757707575,0.808826649843658,0.775515193686612,0.775515193686612,0.763839472953023
"223",223,2.0943951023932,0.797789573928936,0.112053090175288,0.262775239359481,0.527510073169352,0.679158859474387,0.727746594239697,0.833120421202612,0.854658052271795,0.829793154909188,0.798131851903707,0.798131851903707,0.773417203283796
"227",227,2.13213195108496,0.722460992692161,0.117734712196208,0.272602073735917,0.545549409288722,0.703733171446717,0.756718103303106,0.880106914257355,0.926663565513396,0.940646327542061,0.938839361462819,0.938839361462819,0.811039627222568
"236",236,2.21703986064145,1.36027041080908,0.130515040240452,0.294067120212335,0.584376126019479,0.756657366526129,0.819327726090733,0.97485695215485,1.06470680685409,1.16765114645944,1.24343832688469,1.24343832688469,0.891260347927217
"250",250,2.34911883106264,0.813085459256459,0.150386053723191,0.325607211034367,0.63967428503958,0.831991122873247,0.908913207601727,1.08274930928188,1.18104679840941,1.09113355778664,1.04424880590807,1.04424880590807,1.00210770650921
"254",254,2.38685567975441,1.49086316276225,0.156061286850948,0.334189230301521,0.654280273981313,0.851850829289869,0.932614744991496,1.10403717019862,1.19928275805031,1.12206988439501,1.07976517704002,1.07976517704002,1.0304210827241
"255",255,2.39628989192735,0.876484076324512,0.157479938743306,0.336304151071121,0.657846313479669,0.856695333565328,0.938401453379529,1.10867799904422,1.20330568518511,1.14340504909686,1.11137553283853,1.11137553283853,1.03725628062105
"257",257,2.41515831627323,1.28692714088239,0.160317053311536,0.340496968478837,0.664874745236833,0.866237761671211,0.949805421072361,1.11713127086425,1.21057762794309,1.20229888850719,1.20114692250013,1.20114692250013,1.0506311244313
"260",260,2.44346095279206,1.56517570891018,0.164572249392281,0.346693057546083,0.675156272113249,0.88018111225403,0.966482195664395,1.12769337300135,1.21626568773583,1.29290495416013,1.33328552069833,1.33328552069833,1.06995188568107
"261",261,2.452895164965,0.843677955365538,0.165990520500501,0.348733433283011,0.678513291430541,0.884729146865578,0.971925227991122,1.13063917962022,1.21587448777141,1.31327266678947,1.35806425826877,1.35806425826877,1.07619405239674
"265",265,2.49063201365677,1.5528506802712,0.171662962643322,0.356769078380121,0.691587424397162,0.902416686700955,0.993110100827569,1.1397837664435,1.20121792478569,1.33248028625285,1.35596128191438,1.35596128191438,1.10019592459729
"266",266,2.50006622582972,1.48163229149551,0.173080911818748,0.358746358929234,0.694766904346696,0.906711390002577,0.998258187039585,1.14147810718833,1.19430630147852,1.32366198541294,1.33849136091065,1.33849136091065,1.10596115084341
"274",274,2.57553992321325,0.915682950535788,0.184422161150824,0.374104754597137,0.718905320655899,0.939210452534936,1.03727743641126,1.14946789667662,1.10715628048615,1.13109255282807,1.11302076543992,1.11302076543992,1.14897437175119
"278",278,2.61327677190502,0.901115081108064,0.19009121166518,0.381474920526037,0.730100973388719,0.954205578236967,1.05532662940145,1.15217922747062,1.05992528285424,1.01012556754181,0.993116444404546,0.993116444404546,1.16863646414568
"283",283,2.66044783276973,1.11937871822691,0.197176035071329,0.39039489768257,0.743266063510918,0.971754710226498,1.07649847597283,1.15735044260552,1.01919416932275,0.905419243555084,0.896468890434395,0.896468890434395,1.19176519843962
"287",287,2.6981846814615,0.936606365616253,0.202842693825318,0.39729491788741,0.75312824618105,0.984826660190615,1.09231107177,1.16450597496179,1.01238853886553,0.892929261139676,0.890388108769097,0.890388108769097,1.20926107959032
"288",288,2.70761889363445,0.866837559315064,0.204259191143867,0.398986990733649,0.755500135035356,0.987959036182448,1.09610629210829,1.1667775115081,1.0144673839839,0.899444131400187,0.898151607190584,0.898151607190584,1.21350248828202
"294",294,2.7642241666721,0.737407680579331,0.212756763343078,0.40886145301211,0.768939305052176,1.00560243925183,1.11753408663356,1.18457882487465,1.05620220663338,0.999959594114623,1.00098072083134,1.00098072083134,1.23786588071376
"297",297,2.79252680319093,1.14583085296493,0.217004638693051,0.41361923195714,0.775146525836595,1.01367746320214,1.12737416692617,1.19615068244215,1.0939564075804,1.07828889990213,1.07624647414927,1.07624647414927,1.24935880659262
"298",298,2.80196101536387,1.23850836928387,0.218420461867335,0.415178484380842,0.777139280911296,1.01625750774688,1.13052307091158,1.20034305092719,1.10841131488766,1.10686274203438,1.10333689793685,1.10333689793685,1.25308321631567
"314",314,2.95290841013095,1.46605819580258,0.241064400176759,0.438303217990903,0.803782905082211,1.0498101390798,1.17174388921647,1.27553428171875,1.34327003731689,1.50076465406463,1.49634737598605,1.49634737598605,1.30417813780867
"318",318,2.99064525882272,1.45332573678027,0.246722659209169,0.443545269883924,0.808887021393982,1.05588335726817,1.17927941756849,1.29227924456127,1.36636486171239,1.50827247789967,1.52280451755415,1.52280451755415,1.31407287971099
"319",319,3.00007947099566,1.50811346820439,0.248137053166344,0.444821944211721,0.810064904323673,1.05725458975819,1.18098589511046,1.29611294034879,1.3684846494276,1.49932411865932,1.5180796017678,1.5180796017678,1.31634604231127
"320",320,3.0095136831686,1.6076858595585,0.249551378786309,0.446085073893985,0.811203455866092,1.05856676694469,1.18262099699768,1.29979050782071,1.36915057949412,1.48533613698384,1.5074215056696,1.5074215056696,1.31853727188367
"327",327,3.0755531683792,1.49775868375673,0.25944974671025,0.45454790726444,0.818070912349988,1.06609293836772,1.19205790499217,1.32154050633884,1.34667559502872,1.29796617906819,1.30931879094763,1.30931879094763,1.331579055283
"328",328,3.08498738055214,0.987907576820391,0.260863526676162,0.455702791086409,0.818894454721679,1.06693056328146,1.19311804800154,1.32419630262032,1.3423767367426,1.2710236885526,1.2759657129508,1.2759657129508,1.33311813480513
"330",330,3.10385580489802,1.20708547408982,0.26369088255593,0.457972041741497,0.820423371617209,1.06842722215619,1.19502151578597,1.32927107920583,1.33531884298843,1.22770825665904,1.2162075546971,1.2162075546971,1.33595684329278
"333",333,3.13215844141685,1.44522853905986,0.267931407061223,0.46127474744505,0.822421410723822,1.07022523561659,1.19733351363288,1.33639446215462,1.33102064088128,1.20099213460788,1.16083828153734,1.16083828153734,1.33961772466259
"335",335,3.15102686576274,0.855746398191905,0.270758084831163,0.463409265877682,0.82355679602144,1.07112577453238,1.19851193644289,1.34082300462873,1.33258216160381,1.21148384904746,1.1611158139655,1.1611158139655,1.34165536937165
"338",338,3.17932950228156,1.53605310449752,0.274997595423028,0.466510414525156,0.824965403414162,1.07202919277512,1.19973392423768,1.34696960256385,1.34141093642078,1.27232860479578,1.24231136764367,1.24231136764367,1.3440971670425
"339",339,3.1887637144545,1.3159414433552,0.27641063103245,0.467517357067544,0.825356514153938,1.07221099297563,1.1999954887916,1.34888075765416,1.34600953721002,1.30470825667904,1.29471868925576,1.29471868925576,1.34474496919906
"343",343,3.22650056314627,1.02719166511121,0.28206210346718,0.471411762985487,0.82652975068374,1.07234146143856,1.2003109323195,1.35555636357803,1.36750233949615,1.44521559001059,1.52664413085741,1.52664413085741,1.34647258469545
"349",349,3.28310583618393,2.0999079409296,0.290537316359057,0.476855786575073,0.827121118228439,1.0707491007552,1.19858650737308,1.36153347362328,1.3879256599572,1.51353729403505,1.56564502228475,1.56564502228475,1.34634138200851
"352",352,3.31140847270275,1.50491686076218,0.294774033400889,0.479400448856121,0.826894528821902,1.06915116254819,1.19673578683111,1.36250409030335,1.38899390062747,1.49249796558525,1.49394865511664,1.49394865511664,1.34501186358466
"355",355,3.33971110922158,1.31523252712191,0.299010163006101,0.481827872247955,0.826322052049438,1.0670207248609,1.19422674498434,1.36206032522677,1.38263172554961,1.45421408537665,1.42499606432304,1.42499606432304,1.34282022104794
"357",357,3.35857953356747,1.40862423470124,0.301833925173914,0.483381406626173,0.825749147526179,1.06530545346021,1.19218875062852,1.36096746309717,1.37399878681552,1.42546171456621,1.39981511814774,1.39981511814774,1.34087421922836
"358",358,3.36801374574041,0.972699709719723,0.303245709573274,0.484138858502735,0.825405599317541,1.0643596651563,1.19106050544646,1.36019875068628,1.36861729130302,1.41034088266652,1.39202947933118,1.39202947933118,1.3397561330395
"362",362,3.40575059443218,1.59937508377793,0.308892207592226,0.487040832807077,0.823653241132287,1.05999206275134,1.18582281392806,1.35584815335431,1.3431665852488,1.34195323947354,1.35936424891926,1.35936424891926,1.33432627061917
"364",364,3.42461901877806,1.38021073115857,0.311715075890439,0.488415690381713,0.822551676114212,1.05745958269909,1.18277137473511,1.35302995778935,1.32999910746974,1.30198394703038,1.32502436664402,1.32502436664402,1.33104272874837
"365",365,3.43405323095101,1.45938205515831,0.313126415682193,0.489084241755576,0.821944964917668,1.05610673905079,1.18113815784986,1.35148922675701,1.3237932440779,1.28130250532124,1.30325820350474,1.30325820350474,1.32926037558615
"368",368,3.46235586746983,1.02748133782814,0.317360060594422,0.491014948493623,0.819902647439301,1.05170390511462,1.17581098169901,1.34643638380696,1.30838719985981,1.22153909234391,1.22967154021355,1.22967154021355,1.32335660956685
"373",373,3.50952692833454,1.13011326636155,0.324414902784159,0.493985920205776,0.815766231127175,1.04322927488934,1.1655199561196,1.33685071374035,1.29882493976771,1.15889923843162,1.13201039749818,1.13201039749818,1.31167685091473
"375",375,3.52839535268043,1.18582056216912,0.327236414705572,0.495089136262752,0.813858649809148,1.03944626991858,1.16091436262043,1.33258846007915,1.30087339747499,1.16063415575938,1.1234368036028,1.1234368036028,1.30635933121346
"378",378,3.55669798919926,1.05713521261012,0.331468234316357,0.49665404384864,0.810729865617427,1.03335558076883,1.15348742169391,1.32568646245931,1.31007165857837,1.20732634085523,1.16683238187817,1.16683238187817,1.29768794679483
"381",381,3.58500062571808,1.32320066893072,0.33569952290973,0.498112367532591,0.807283794718897,1.02677040885853,1.1454435520076,1.3180515038328,1.32510880422055,1.30869285348371,1.28531179438568,1.28531179438568,1.28817448428735
"382",382,3.59443483789102,1.3941585251912,0.337109835874933,0.498575064351112,0.806065347369475,1.02446647816853,1.14262619169189,1.31527353859938,1.33028651917009,1.34690814681287,1.33361633206408,1.33361633206408,1.2848117309603
"384",384,3.61330326223691,1.60453105199081,0.339930288848856,0.49946570242109,0.803524805630579,1.01969663139395,1.13678867761306,1.30925670919294,1.33904821435169,1.41633309582992,1.42901406145794,1.42901406145794,1.27779173067874
"386",386,3.63217168658279,1.42356606567403,0.34275051338551,0.500310415271516,0.800847218093141,1.01471238772082,1.13068243253108,1.30252344360344,1.34399247563196,1.46398945380138,1.50776287081285,1.50776287081285,1.27037313144012
"387",387,3.64160589875574,1.25081503670885,0.344160540881427,0.500715721735284,0.799457521863749,1.01214058663202,1.12752938602525,1.2988745788481,1.34479655504288,1.47806945151014,1.53637880012666,1.53637880012666,1.2665143146445
"391",391,3.67934274744751,1.82220314407151,0.349800094277445,0.502224936781332,0.793564139460275,1.00132929452826,1.11425968305164,1.28234761063068,1.33592378183663,1.4641766560426,1.54047048360587,1.54047048360587,1.25008866747692
"396",396,3.72651380831222,1.19525582310108,0.356848311937893,0.503864903462333,0.785460391034135,0.986660024501239,1.0962231183511,1.25743305384123,1.29837746659635,1.31461300083878,1.28998130307012,1.28998130307012,1.22737074197571
"399",399,3.75481644483104,0.808443944880587,0.361076608710422,0.504721090427899,0.780215917643821,0.977259351323163,1.08465023785589,1.24060368471145,1.26732112075469,1.22718244692912,1.15341653640637,1.15341653640637,1.2126303675971
"400",400,3.76425065700399,1.38990795504037,0.362485937738935,0.504985656347107,0.778405435860814,0.974028114272161,1.08067030915941,1.23473979368281,1.25640984791173,1.20934172098186,1.13392978564325,1.13392978564325,1.20753992997121
"405",405,3.8114217178687,1.68849842002041,0.369531827324254,0.506155901146905,0.768896317877926,0.957156214471995,1.05987545614657,1.20384747550405,1.20082595293861,1.20822642045781,1.23233541813672,1.23233541813672,1.18081516536496
"407",407,3.83029014221458,0.834110874440829,0.372349838582144,0.506554357491953,0.764884158219132,0.950080727877913,1.0511491956435,1.190842770556,1.17789953656527,1.21392467087726,1.28122185734304,1.28122185734304,1.1695518398506
"415",415,3.90576383959812,1.23419910257778,0.383620002743412,0.507767455026862,0.747695058451458,0.919992705269221,1.01401686437945,1.1363366931182,1.08795067132248,1.09687201952725,1.13318790407658,1.13318790407658,1.12147082353842
"418",418,3.93406647611695,1.04428102349133,0.387845570917206,0.508071672056622,0.74079762560572,0.908003186136358,0.999213473712525,1.11544729768385,1.06092581676823,1.0306517090185,1.02762827608747,1.02762827608747,1.10229454205543
"419",419,3.94350068828989,1.07136803372631,0.389254007173707,0.508155524110883,0.738445872746588,0.903924434573882,0.994176980837294,1.10849505933611,1.05342459849489,1.01044984193702,0.998117891167553,0.998117891167553,1.09577516823645
"421",421,3.96236911263577,0.750233467376115,0.392070752754668,0.508297440101072,0.733665068304065,0.895646138760224,0.983954334223402,1.09464354985334,1.04110778012273,0.976214452957292,0.954459479316644,0.954459479316644,1.08255342675588
"424",424,3.9906717491546,0.858661383620849,0.396295561050916,0.508447264803752,0.726304839190627,0.882933400768512,0.968254810067342,1.07398938065405,1.02963200378661,0.948097403785015,0.928583502952848,0.928583502952848,1.06227675398046
"425",425,4.00010596132754,1.14077681884801,0.397703749737685,0.5084807735041,0.723802153872907,0.87861886474174,0.962926449873356,1.06713292724268,1.0277334322104,0.946993328281162,0.930516361807817,0.930516361807817,1.05540289555085
"428",428,4.02840859784637,0.840458707462868,0.401928080444014,0.508533348700583,0.716150269900698,0.865450678337737,0.946663790985271,1.0465838378903,1.02727053785077,0.970464294941389,0.96427597863297,0.96427597863297,1.03444516756451
"430",430,4.04727702219226,0.916507736373819,0.404744109825477,0.508529426071286,0.71093207370912,0.85648927851196,0.935596321588174,1.03278646268845,1.02985915521634,1.00238006396421,1.00219922267923,1.00219922267923,1.02019477196876
"431",431,4.0567112343652,1.25415721592093,0.406152068703468,0.508516069291474,0.708288769672973,0.851955158740994,0.929996561808977,1.02582256817621,1.0315625362671,1.02125673537906,1.02331800954518,1.02331800954518,1.012986373948
"437",437,4.11331650740285,1.34895130779414,0.414599073111936,0.5082827618708,0.691968921491,0.824031944154096,0.895509944373795,0.982323855532636,1.03689519119231,1.13003395317481,1.1362585483314,1.1362585483314,0.968577835173623
"439",439,4.13218493174874,0.945308566118268,0.417414468555394,0.508149110285178,0.686361036061777,0.814461896318133,0.883690178444482,0.966851260375638,1.03250499029479,1.14616914510908,1.15406806394376,1.15406806394376,0.953335998957748
"440",440,4.14161914392168,0.631979777196555,0.418822117508759,0.508072269346878,0.683526977102539,0.809629828939126,0.877722145047937,0.958872503392838,1.02834420885634,1.14700225431423,1.1565331316088,1.1565331316088,0.945633182325645
"445",445,4.18879020478639,1.6131816699985,0.425859896416017,0.507592204642372,0.669068385459993,0.785019621393357,0.847326950840747,0.916482306352829,0.986801595669319,1.07560692117955,1.09916285009321,1.09916285009321,0.906340413866402
"446",446,4.19822441695933,1.25203126899461,0.42726736297219,0.507477797866095,0.666121362082692,0.78001144088149,0.841141997798779,0.907563051787916,0.975091019161347,1.04986813936209,1.07571114945339,1.07571114945339,0.898338781049737
"453",453,4.26426390216993,0.638929825850984,0.437118864619958,0.506518787487238,0.645016919414028,0.744216903100137,0.796947457071988,0.842080779189444,0.875137152598203,0.829869011422346,0.836375009327047,0.836375009327047,0.84121643068961
"455",455,4.28313232651581,0.54412660508726,0.439933350688935,0.50619729168579,0.638844437513245,0.733769427648531,0.784053166328946,0.822661048831437,0.844187084451746,0.771224851574765,0.75535641311904,0.75535641311904,0.824594541559863
"458",458,4.31143496303464,0.740059118179829,0.444154906409088,0.50567886288773,0.629477133720328,0.717931316177622,0.76451144151881,0.793257550541164,0.798953861504797,0.708486465260566,0.662744167083663,0.662744167083663,0.799470617974115
"459",459,4.32086917520758,0.57960521573232,0.445562047732882,0.505496861898945,0.626327134994065,0.712609719318705,0.757947173218918,0.78343169317225,0.784594238827372,0.697763606236224,0.648209287085452,0.648209287085452,0.791053498930578
"465",465,4.37747444824524,1.10778809408624,0.454004475469822,0.504316418990701,0.607162138235674,0.680276410086937,0.718084928793184,0.724728970519188,0.706849747235014,0.727290648556202,0.732120238524037,0.732120238524037,0.740225740263614
"467",467,4.39634287259112,0.7456015428816,0.456818472100841,0.503892033711561,0.600681249238559,0.669358355217411,0.704633430771464,0.705328235558154,0.682518577198733,0.745296626439689,0.777734651698438,0.777734651698438,0.723192216149848
"470",470,4.42464550910995,0.566241148869614,0.461039346416266,0.503229675961014,0.590882766688091,0.652865239732507,0.684322383541726,0.676460475780624,0.645574315432359,0.747446769735551,0.806384381525738,0.806384381525738,0.697594028058532
"479",479,4.50955341866643,0.532128381038997,0.473701250580907,0.501086530452403,0.561021007649771,0.602694324594041,0.622612813095943,0.593006544254967,0.534103218553631,0.534695657617122,0.534001984406693,0.534001984406693,0.620841197422833
"480",480,4.51898763083937,0.535386667309673,0.475108075255249,0.500836515328737,0.557667603981358,0.597068276546825,0.615700654275515,0.584214537808965,0.523545541512247,0.508450062334023,0.500809556544972,0.500809556544972,0.612353849992464
"482",482,4.53785605518526,0.319798161849462,0.477921699659077,0.500330772222473,0.550943826767892,0.585792207023232,0.601852028480027,0.567018858583438,0.504623626538328,0.464426283053426,0.44941589657132,0.44941589657132,0.595423415217639
"483",483,4.5472902673582,0.574760214446942,0.479328500580387,0.500075279147008,0.547574158780173,0.580143310593492,0.594916991710566,0.558620828194413,0.496364663669334,0.446828252458125,0.430940542785689,0.430940542785689,0.586982584009814
"485",485,4.56615869170408,0.449198771843453,0.48214208283946,0.499559636770751,0.540821025563491,0.568826599366301,0.581029027212006,0.542235643229921,0.482493872218647,0.420524498010955,0.406954700844887,0.406954700844887,0.570155063762656
"488",488,4.59446132822291,0.440886700234062,0.486362416212918,0.498776293646632,0.530662097343312,0.551812540307323,0.560162700441598,0.518662656693589,0.468410433626511,0.402314442338241,0.39838674070437,0.39838674070437,0.545060048410418
"494",494,4.65106660126056,0.263579936194009,0.494802998081665,0.497185671136143,0.510273491764495,0.517697320023816,0.518370114452031,0.474210944023726,0.456519468677194,0.419606540778732,0.439094732124892,0.439094732124892,0.495396817451537
"503",503,4.73597451081705,0.627786338240845,0.507463900844703,0.494787478183661,0.479654606848286,0.466523928298352,0.45579043609801,0.410125507723823,0.442860545041962,0.478950779957341,0.474002380915514,0.474002380915514,0.422185940172431
"504",504,4.74540872298999,0.583441727735451,0.50887068598025,0.494523236792495,0.476259119468483,0.460852252565956,0.448862278621268,0.402924203638035,0.439248020461088,0.481381039712053,0.465804127620694,0.465804127620694,0.414144318794109
"505",505,4.75484293516293,0.495684476375818,0.510277476930304,0.49425986901449,0.472866222638762,0.455185379527935,0.441941468756477,0.395669909541078,0.43488472128106,0.482087758915159,0.460048876666642,0.460048876666642,0.406120904436161
"506",506,4.76427714733587,0.16834460544943,0.511684274282207,0.493997490199522,0.469476256758345,0.449523829940127,0.435028619651888,0.388353080730889,0.429679213425337,0.480845073347075,0.462940220445469,0.462940220445469,0.398115534802134
"508",508,4.78314557168176,0.798911068151544,0.514497890550362,0.493476162939415,0.462706488022788,0.438218807049348,0.421229308835648,0.373505923937841,0.416511145309183,0.470503022967916,0.497323643657031,0.497323643657031,0.382159200025913
"509",509,4.7925797838547,0.177343787512779,0.51590471065427,0.493217448055702,0.459327377764246,0.432576406760471,0.41434414563459,0.365973396741871,0.408551768047434,0.459432543647433,0.510761957968387,0.510761957968387,0.374209174611427
"510",510,4.80201399602764,0.535376250348762,0.517311539530619,0.492960188217266,0.455952579357966,0.426941464494572,0.40746951395525,0.358367794518807,0.399688893143073,0.443022934562486,0.507816045826441,0.507816045826441,0.366278613623322
"513",513,4.83031663254647,0.386618267031627,0.521532084728422,0.492198306830899,0.445857526699853,0.410086798831127,0.386915453318385,0.335156659953322,0.368467867114834,0.366022192214032,0.380043227719131,0.380043227719131,0.342612244532613
"515",515,4.84918505689235,0.399628708946688,0.524345836256975,0.491699800791984,0.439155418678948,0.39889760696015,0.373277722267328,0.319451676656985,0.345359398972932,0.31253672471912,0.26942617511665,0.26942617511665,0.326951296480676
"516",516,4.8586192690653,0.373961238646255,0.525752730216795,0.491453722136749,0.435813785365164,0.393318822817406,0.366480387095992,0.311560548636065,0.333605708669196,0.291857349133948,0.230909342388485,0.230909342388485,0.319159563179917
"519",519,4.88692190558412,0.194414387304898,0.529973491929892,0.490729571599822,0.425830692091492,0.376652149628077,0.346182429890528,0.287828143447233,0.298707092571286,0.264318923466256,0.222549564218514,0.222549564218514,0.29595211531599
"520",520,4.89635611775706,-0.0634631042222447,0.531380441047586,0.49049326382781,0.422518055647212,0.371121556944912,0.339449900406576,0.279912701512383,0.287178626993233,0.262419793163555,0.242049939834611,0.242049939834611,0.288274825328616
"523",523,4.92465875427589,0.311362134822689,0.535601382161026,0.489801164433666,0.412630051219181,0.354611958747166,0.31936149459946,0.256211395425922,0.25271381657335,0.258260772615979,0.301980113807503,0.301980113807503,0.265429144742208
"528",528,4.9718298151406,0.513520140119224,0.542636631110576,0.488710539127114,0.396336455794808,0.327400785781346,0.286282057765309,0.217139480727626,0.195881813416759,0.207744486385939,0.252270307202918,0.252270307202918,0.228019604253754
"529",529,4.98126402731355,0.160043355867659,0.544043738093198,0.488502853024232,0.393108668986246,0.322008833458821,0.279731842297163,0.209437958212379,0.184873439540613,0.192528824936587,0.225478688092027,0.225478688092027,0.220644690154864
"536",536,5.04730351252414,0.00083018550103528,0.553894089735455,0.487160032931258,0.370842785010084,0.284795686452099,0.234566883910604,0.157252193810505,0.115502897719155,0.0853999793477006,0.0478022490159909,0.0478022490159909,0.170113691843322
"537",537,5.05673772469708,0.105802729890124,0.555301375754192,0.486985395898717,0.367712836932879,0.279561361101714,0.228220097975254,0.150109155033621,0.107113499957336,0.074580835137247,0.0398633551403148,0.0398633551403148,0.163060485305934
"541",541,5.09447457338885,-0.204617941236679,0.560930774543879,0.486334231818264,0.355333187674065,0.258848310178412,0.203119670797174,0.12244950932266,0.0779104786184064,0.0481183625635423,0.0486517320698198,0.0486517320698198,0.135284763041867
"547",547,5.15107984642651,0.219503823950721,0.569375697038538,0.485511437080266,0.337218578887277,0.228503240363653,0.166389323821723,0.0836738942731584,0.0455987848843484,0.0442485805951089,0.0661150390288054,0.0661150390288054,0.0949620235414007
"554",554,5.2171193316371,0.211004727650656,0.579229495954762,0.484812264678118,0.316853985943621,0.194317566684554,0.125068302864189,0.0419480107244038,0.0192960582734894,0.0533014294847033,0.0575593212855949,0.0575593212855949,0.0499721454016904
"559",559,5.26429039250181,-0.0829487758387639,0.586268936719205,0.484503769418486,0.302870109148676,0.170783647028135,0.0966565607178442,0.0139759394807646,0.00353943940194016,0.0395158683965607,0.0348579481449084,0.0348579481449084,0.0191984874449736
"567",567,5.33976408988535,-0.288890419184823,0.597533982572173,0.484377296167287,0.281575554645777,0.134818506116282,0.053288474424752,-0.0284435629858204,-0.0209588376511597,-0.0379088230770959,-0.026077926486917,-0.026077926486917,-0.0276593627767043
"569",569,5.35863251423124,0.0922055031634032,0.600350643215925,0.484421365004835,0.276474271077623,0.1261738745229,0.0428734041973606,-0.0386867742575689,-0.0261021705847861,-0.0576501124106014,-0.0456831566924295,-0.0456831566924295,-0.0389120386186287
"572",572,5.38693515075007,-0.112539536400019,0.604575950365722,0.484547522505297,0.268998630432561,0.11348100778788,0.0275870823056625,-0.0538327612136641,-0.0323327795776581,-0.0791239958198731,-0.0781654061680555,-0.0781654061680555,-0.055441875922512
"573",573,5.39636936292301,0.168111215099294,0.605984472459576,0.48460599303883,0.26655492702877,0.109324867683708,0.0225832858517165,-0.0588299954381228,-0.0339412372069866,-0.0831250247190211,-0.0896881277076757,-0.0896881277076757,-0.0608583911122624
"576",576,5.42467199944183,-0.230919791615384,0.610210304763542,0.484832006112294,0.259372222846956,0.097086569808085,0.00785322428233451,-0.0737170733286918,-0.038152964232614,-0.0848983621358095,-0.120587189895708,-0.120587189895708,-0.0768282609260855
"584",584,5.50014569682537,-0.156938038960892,0.621481226304599,0.485822310381968,0.241354039959242,0.0662076844609013,-0.0292866110940196,-0.113434244365882,-0.0614693618185398,-0.0221650083916663,-0.0699820698397715,-0.0699820698397715,-0.117382312659069
"586",586,5.51901412117126,0.0555145677930902,0.624299440071728,0.486162040893674,0.237119256019627,0.0589041514010979,-0.0380661309945379,-0.12355815909407,-0.0741517355756101,0.00419439744469929,-0.00779534673354311,-0.00779534673354311,-0.127063307781914
"587",587,5.5284483333442,0.139298586953383,0.625708622054179,0.486346235708545,0.235043779349288,0.0553169268676645,-0.0423776976255779,-0.128668774321591,-0.0820791844565335,0.0139164490504833,0.0222887911292733,0.0222887911292733,-0.131835347790574
"589",589,5.54731675769008,-0.0384853544465415,0.628527138508243,0.486743732136476,0.230977938137972,0.0482734292009787,-0.0508423295084325,-0.138998585569717,-0.101664697190811,0.01574594250819,0.0578982804805648,0.0578982804805648,-0.141242143878838
"590",590,5.55675096986303,-0.0881229320062316,0.629936473892448,0.486957212107526,0.228988084833119,0.0448179040527631,-0.0549945392147241,-0.144218772945657,-0.113487121241165,0.00412819481272478,0.0554869226985773,0.0554869226985773,-0.145876487423487
"593",593,5.58505360638185,0.185706694180279,0.634164793951117,0.48765761349348,0.223193792736409,0.0347207623658124,-0.0671251276594947,-0.159930676655184,-0.155115415803876,-0.0754794980432553,-0.0262604997487859,-0.0262604997487859,-0.159487574572582
"597",597,5.62279045507362,-0.290272868379896,0.639803302697944,0.488734574838153,0.215886288709354,0.0219007578177805,-0.0825205325257296,-0.18029650478073,-0.215974340165558,-0.241722837727544,-0.235631244812029,-0.235631244812029,-0.17689237418262
"599",599,5.64165887941951,-0.478587132901049,0.642622885700735,0.489335905499888,0.212416204627394,0.0157730325029832,-0.0898759445596446,-0.18990056963827,-0.244462869462954,-0.329476083904101,-0.348602568654775,-0.348602568654775,-0.185247054314837
"601",601,5.66052730376539,-0.310766541799998,0.645442692160369,0.489979991967902,0.209071032602335,0.00983720139793622,-0.0969985617351337,-0.198972226498629,-0.269686728860202,-0.408967476185581,-0.449840726390354,-0.449840726390354,-0.193356403182502
"606",606,5.7076983646301,-0.669781637150094,0.652493206794917,0.491781345245068,0.20126629317503,-0.0041454170102284,-0.113765279075558,-0.218734857786597,-0.310257052183579,-0.518926221107968,-0.575870203791909,-0.575870203791909,-0.212500323803919
"610",610,5.74543521332187,-0.407690620918028,0.658134671336258,0.493424070454637,0.195611030886966,-0.0144288884996843,-0.126083662864666,-0.231032275577117,-0.312611926491143,-0.471894389607765,-0.489077463551674,-0.489077463551674,-0.226600268266312
"614",614,5.78317206201364,-0.274695603270799,0.663777097204722,0.49525098636427,0.190492728523261,-0.0238907144312892,-0.137407594801474,-0.240583732456917,-0.294479779157087,-0.350178404394626,-0.331191010405703,-0.331191010405703,-0.239633264982941
"616",616,5.80204048635953,-0.279799234668108,0.666598677822449,0.496234910364428,0.188138796960677,-0.0283082286294556,-0.142691100756245,-0.244528606684019,-0.280880645057702,-0.283385123472852,-0.268526190656376,-0.268526190656376,-0.245760319023625
"617",617,5.81147469853247,-0.539198782809602,0.668009561301677,0.496744731299278,0.187013806201501,-0.0304377215835712,-0.145237284069797,-0.24632963842281,-0.273513167930621,-0.252260914260984,-0.247625349846071,-0.247625349846071,-0.248728462676312
"619",619,5.83034312287835,0.164429921898344,0.670831516220703,0.497800404035968,0.184868622576483,-0.0345370752949716,-0.150137454888365,-0.249671699013157,-0.258741742537399,-0.197738361969538,-0.212071311251966,-0.212071311251966,-0.254479112991616
"623",623,5.86807997157012,-0.38418622767029,0.676476186541929,0.500057540769119,0.181001936265546,-0.0420914768112199,-0.159163549210629,-0.255775425114284,-0.234517366050915,-0.130322919236972,-0.114549039789231,-0.114549039789231,-0.265266162792946
"624",624,5.87751418374307,-0.300971081778726,0.677887514336209,0.500652542028466,0.18012446104626,-0.0438446328734637,-0.161257570737916,-0.257255716696093,-0.230327493345274,-0.123709419149127,-0.0974641320400446,-0.0974641320400446,-0.26781845759593
"625",625,5.88694839591601,0.209018453204661,0.679298906825097,0.501259947803855,0.179282982693907,-0.045543194362579,-0.163286175957723,-0.258742284577286,-0.227120364613462,-0.121687910717905,-0.0891510159322556,-0.0891510159322556,-0.270314354205715
"630",630,5.93411945678072,-0.078931927368508,0.686356849531927,0.504484949258662,0.175620716638516,-0.0532101347577523,-0.172440356613175,-0.266418023662266,-0.225534859536668,-0.170060585131339,-0.181163981805002,-0.181163981805002,-0.28194925122426
"637",637,6.00015894199132,-0.711605021650156,0.696240762452125,0.509535650107222,0.172045431576702,-0.0615964775434927,-0.182446788650063,-0.277657068201849,-0.247109351124816,-0.282129105382874,-0.3505211080222,-0.3505211080222,-0.295802005676164
"639",639,6.0190273663372,-0.0987140622983036,0.699065347247417,0.511095659696238,0.17136235137004,-0.0634815113022219,-0.18469436033827,-0.280923438293373,-0.254411822836987,-0.29560515095624,-0.328042777645288,-0.328042777645288,-0.299220876718858
"640",640,6.02846157851014,-0.219940799555679,0.700477742575941,0.51189541189771,0.171077911282651,-0.064337900227719,-0.185715136939649,-0.282560244095721,-0.257801338470923,-0.296287608027897,-0.297368411210648,-0.297368411210648,-0.30083844790721
"642",642,6.04733000285603,-0.0791054241981422,0.703302740230107,0.513534630317883,0.170623815914412,-0.0658776479683932,-0.187549776261476,-0.285844376791553,-0.264026267138705,-0.290427924933126,-0.228299653732616,-0.228299653732616,-0.3038879879222
"644",644,6.06619842720191,-0.405885966407761,0.706128015301303,0.515227074660187,0.170323490642853,-0.067185746219069,-0.189107444415993,-0.289151411326566,-0.269685238960045,-0.285438893675341,-0.210166384773823,-0.210166384773823,-0.306687634783181
"646",646,6.0850668515478,-0.376615055012803,0.708953569463527,0.516973067592577,0.170177787005208,-0.0682610853559719,-0.190386850605636,-0.292487489502034,-0.274914121701855,-0.289268227334941,-0.284060104336638,-0.284060104336638,-0.309234044844836
"647",647,6.09450106372074,-0.240902454348715,0.710366451690027,0.517866238475687,0.170163164349604,-0.0687111491347362,-0.190921816806926,-0.294162987609174,-0.277324774884308,-0.291443937009303,-0.329903216920668,-0.329903216920668,-0.310410723865147
"648",648,6.10393527589368,-0.34365621438866,0.711779404266579,0.518772907738872,0.170187488985413,-0.0691026421061728,-0.191386753607695,-0.295840726479526,-0.279562590421023,-0.291237940172678,-0.361539810044585,-0.361539810044585,-0.311522131904853
"651",651,6.13223791241251,-0.280505289417667,0.716018685788629,0.521574230714557,0.17049497993241,-0.0699246494143054,-0.192360110634908,-0.300878564044679,-0.285358287432611,-0.271923919733625,-0.319079368019721,-0.319079368019721,-0.31445819739912
"654",654,6.16054054893134,-0.125642715543695,0.720258606057388,0.524498110706646,0.17115569496182,-0.070216243938872,-0.192699227712609,-0.30593280122278,-0.290979722649601,-0.250743026848604,-0.198446006951738,-0.198446006951738,-0.316784193145282
"656",656,6.17940897327722,-0.451933249312101,0.723085576349006,0.526515817886457,0.171793313657891,-0.0701149054721587,-0.192571669786431,-0.309318649585593,-0.295435908971451,-0.253767847098527,-0.166255058161713,-0.166255058161713,-0.3179878212637
"659",659,6.20771160979605,-0.0204749777708675,0.727326569645105,0.529645572756923,0.173046712999628,-0.0695178297479746,-0.191848023649784,-0.314397160173228,-0.303773126601613,-0.29720758536006,-0.268314856611949,-0.268314856611949,-0.319257600341887
"660",660,6.21714582196899,-0.325580495065988,0.7287403779359,0.530716424592066,0.173543898987338,-0.069199898276983,-0.191464525381724,-0.316064624689907,-0.306758530478633,-0.316662163389001,-0.324094638565932,-0.324094638565932,-0.319533313514717
"664",664,6.25488267066076,-0.515903956994271,0.734396333108191,0.535138349298389,0.175930786318142,-0.0673322644661445,-0.189216944490334,-0.322410756939882,-0.317680516728599,-0.372225805706183,-0.486790671392809,-0.486790671392809,-0.319864751270107
"667",667,6.28318530717959,-0.501339671109046,0.738639060244602,0.538600737368054,0.178140143486195,-0.0653046319158359,-0.186780081931074,-0.326653042886852,-0.323295121684646,-0.356068986868357,-0.421106571074506,-0.421106571074506,-0.319270265329017
"670",670,6.31148794369841,-0.237940344372184,0.742882441467051,0.542188591687765,0.180709493650276,-0.0627393447473023,-0.183698823421614,-0.330381162774838,-0.327723663580783,-0.314582265132765,-0.278895940453176,-0.278895940453176,-0.317927026484358
"673",673,6.33979058021724,-0.370572240694737,0.747126478304134,0.545902190117074,0.183639273265846,-0.0596364594651276,-0.179973202589417,-0.333571628668426,-0.332774672689759,-0.290182036546606,-0.209350654649649,-0.209350654649649,-0.315814658640526
"675",675,6.35865900456312,-0.140003749966075,0.749956201144935,0.548447910571395,0.185792895051811,-0.0572692544308664,-0.177131505488533,-0.335379854542818,-0.337213003053079,-0.300226537940325,-0.257976810634638,-0.257976810634638,-0.313968498931051
"676",676,6.36809321673607,-0.0954007337068029,0.751371172163616,0.54974178727817,0.186929855533656,-0.0559961097569281,-0.175603295528267,-0.336172414496222,-0.339689930620012,-0.311354235612546,-0.297352111557243,-0.297352111557243,-0.31291090136385
"679",679,6.39639585325489,-0.560044652000263,0.755616523783797,0.553707507740995,0.190581243155611,-0.0518189459261617,-0.170589652843184,-0.338022298582606,-0.347493461018072,-0.355683413657276,-0.408597296062859,-0.408597296062859,-0.309187065787395
"692",692,6.51904061150314,-0.663517588657754,0.774020642770996,0.572348096367555,0.210558779862319,-0.0275554187891833,-0.141473252050762,-0.333279517905832,-0.359375072961904,-0.460981886728056,-0.516364842859879,-0.516364842859879,-0.282950595942497
"694",694,6.53790903584903,-0.541255409372369,0.77685314012389,0.575425569775976,0.214229345427953,-0.0229396383549317,-0.135934905906504,-0.330159709836967,-0.353717695655364,-0.423851211284307,-0.45120624522641,-0.45120624522641,-0.277374078274084
"695",695,6.54734324802197,-0.239720961752453,0.77826949814001,0.576985248417755,0.216124138699218,-0.020543993650295,-0.133060496758677,-0.328314205611664,-0.349794134114065,-0.396726040741417,-0.4084886408449,-0.4084886408449,-0.27442463372693
"696",696,6.55677746019491,-0.203875489970893,0.779685928976742,0.57855887259899,0.218058534359663,-0.0180900131851657,-0.130116177983674,-0.326282401137086,-0.34527833366019,-0.365428056440735,-0.361280915461905,-0.361280915461905,-0.271367797074238
"701",701,6.60394852105962,-0.132181697487636,0.786769172817806,0.586635610913843,0.22832216222127,-0.0049505139636888,-0.11435432344146,-0.313597236034376,-0.32007710482926,-0.214672661969439,-0.152618969959097,-0.152618969959097,-0.254491515284176
"703",703,6.62281694540551,-0.302351115825174,0.789602977417621,0.589963353828168,0.232702429814278,0.000708183063172015,-0.107568594841872,-0.307472263313786,-0.311806704139747,-0.189783154567817,-0.127012538648741,-0.127012538648741,-0.247007232692953
"712",712,6.70772485496199,0.0319982556415582,0.802358659298805,0.605619348530082,0.254336826634914,0.0289782776834644,-0.0736943079693905,-0.272170106975097,-0.287616918830776,-0.273829282491066,-0.298864125316205,-0.298864125316205,-0.208156534728298
"714",714,6.72659327930787,-0.583612645200186,0.805194041993728,0.609248858285505,0.259568096220806,0.0358761773758342,-0.0654361038133933,-0.262428532076884,-0.282738694126353,-0.29669530331222,-0.335405164407597,-0.335405164407597,-0.198370528283965
"719",719,6.77376434017259,-0.453522402612236,0.812283740119579,0.618559790182676,0.273312162020608,0.0540835613515638,-0.0436527834094026,-0.234809676149332,-0.267470477670219,-0.305491050449576,-0.335178672998381,-0.335178672998381,-0.172082753299078
"730",730,6.87754067407495,0.126272920254304,0.827887239784438,0.640220264066882,0.306838500587062,0.0988594660064639,0.00980925891799742,-0.158089362972218,-0.212259377172017,-0.186985921565676,-0.110826795406994,-0.110826795406994,-0.105471075253159
"740",740,6.97188279580438,-0.739717094247867,0.842079456963307,0.661287168087753,0.341139001233208,0.144985774182752,0.0647014921885659,-0.0702295397141756,-0.126787909811717,-0.126977166429644,-0.101986060097069,-0.101986060097069,-0.035132035021871
"741",741,6.98131700797732,0.267987874218521,0.843499050658531,0.663464663866587,0.344764689435134,0.14987302207565,0.0705060877099452,-0.0605363872448368,-0.115963091515003,-0.132497227929767,-0.130933780508216,-0.130933780508216,-0.0276164352070986
"742",742,6.99075122015026,-0.107178167349999,0.844918711339665,0.665654901041419,0.34842546940372,0.154809226758839,0.076366543080844,-0.0506855429040946,-0.104627540360312,-0.138807698471852,-0.162246662910941,-0.162246662910941,-0.0200168646726324
"746",746,7.02848806884203,-0.109443302398597,0.85059802000449,0.674542466372644,0.363416694381016,0.175037988662185,0.100358291026593,-0.00979102422423416,-0.0528366290504855,-0.130477468639272,-0.216316614533555,-0.216316614533555,0.0111941522313693
"749",749,7.05679070536086,-0.223233522789859,0.854858195089589,0.681339938772787,0.375021580560401,0.190709619283217,0.118917004081599,0.0222753957279144,-0.00616407034592401,-0.0469642805829323,-0.0861461162168289,-0.0861461162168289,0.0354141184881564
"751",751,7.07565912970674,0.132097228313538,0.857698638744097,0.685933668614913,0.382927927366034,0.20139076436259,0.131551031840884,0.0441286792359629,0.0276468784330186,0.0366940458981012,0.0615818963311358,0.0615818963311358,0.0519173442171982
"761",761,7.17000125143616,0.752215218322819,0.871904710441454,0.709633149978039,0.424447523665895,0.257499047403053,0.19770439592594,0.154477872666248,0.194526799094264,0.342797440746552,0.501813963691583,0.501813963691583,0.138047430259037
"762",762,7.17943546360911,0.172967853034329,0.873325665297514,0.712068966653758,0.42877779400754,0.263349816031296,0.204580858193401,0.16524736490602,0.2083233597181,0.328486637304124,0.439223767100418,0.439223767100418,0.146939101521423
"766",766,7.21717231230088,0.0442865670384833,0.879010104881132,0.721929574256103,0.446414811357568,0.2871730752281,0.232536700907653,0.207399245656383,0.258502451099066,0.227474403893952,0.124869334964876,0.124869334964876,0.182927074613918
"767",767,7.22660652447382,0.0894959802768422,0.880431368559767,0.724423809790463,0.450902213367529,0.293232373143773,0.239635854228118,0.217711711257987,0.270744172290662,0.21238806317306,0.0896485802621059,0.0896485802621059,0.192024770540732
"769",769,7.2454749488197,0.250475875714954,0.883274078666227,0.729446823166531,0.459969606997315,0.305472932550879,0.253963117049601,0.238065475137247,0.295890925852573,0.215592651872878,0.124198173729571,0.124198173729571,0.210334063094934
"772",772,7.27377758533853,0.343585196324191,0.887538596607455,0.737066882328185,0.473799484588135,0.324133695130355,0.275768985976559,0.267840775889568,0.334914682516258,0.278181506794104,0.296116264977998,0.296116264977998,0.238063844651651
"774",774,7.29264600968441,0.548792207447443,0.890381907198375,0.742203304832521,0.483169819189793,0.336770255455325,0.290510431617048,0.287124804860857,0.361277532352594,0.336250554506298,0.382352711559164,0.382352711559164,0.256713049414253
"775",775,7.30208022185736,0.227679891509292,0.891803651217678,0.744788259095467,0.487899555154058,0.343146341333439,0.297940936629145,0.296583479304187,0.374297308193494,0.366925597518973,0.41143516025725,0.41143516025725,0.266083235212391
"779",779,7.33981707054913,0.308622116907196,0.897491211914146,0.755238333002644,0.507111241675438,0.369028170817384,0.328050048953547,0.33310139910009,0.422707901653895,0.484910605698799,0.480316113252374,0.480316113252374,0.303844875271185
"790",790,7.44359340445149,0.906384127740651,0.913136694241944,0.784859452097741,0.562275602666417,0.44317202940978,0.413838627954085,0.423368353459968,0.501974013889401,0.629219397722711,0.636246947099047,0.636246947099047,0.409785227628548
"798",798,7.51906710183503,0.465491580136417,0.924519368337852,0.807180611619565,0.604433498798867,0.499641023832566,0.478724946122039,0.483532576634126,0.50857194761536,0.562852645945134,0.588640427306787,0.588640427306787,0.488720371961628
"799",799,7.52850131400797,0.634306464473738,0.925942438565139,0.810015033682276,0.609818257155871,0.506840712450644,0.486970206860153,0.490943361496545,0.506458726380435,0.545102094188875,0.563244749192019,0.563244749192019,0.49869814233989
"800",800,7.53793552618091,0.392441638625198,0.927365560198002,0.81285909245998,0.615227945772217,0.514070675330875,0.495243890769037,0.498355926651797,0.503735455894202,0.525560954553587,0.533030082083232,0.533030082083232,0.508700620025879
"801",801,7.54736973835386,0.400523576064903,0.928788732913672,0.815712725115914,0.620662376018837,0.52133060955434,0.503545614200368,0.505788834906612,0.500572038409488,0.505421625561274,0.50068280187595,0.50068280187595,0.51872860896185
"804",804,7.57567237487268,0.361651216096054,0.933058554301322,0.824330433638473,0.637112231063512,0.543287251712251,0.528615300319464,0.52841803892424,0.490474081453374,0.455677340924758,0.423742548818973,0.423742548818973,0.548975349867524
"805",805,7.58510658704563,0.307923263985763,0.934481928088183,0.827221728341591,0.642643740048934,0.550664078034152,0.537025450142095,0.536138556773379,0.487555773177366,0.447040966534301,0.414916652994523,0.414916652994523,0.559114898519283
"806",806,7.59454079921857,0.761429639196718,0.93590535130676,0.830122276058943,0.64819903409345,0.558069353197701,0.545461716498969,0.543970527291596,0.485049024929624,0.442735063312364,0.415334200875283,0.415334200875283,0.569283660427922
"813",813,7.66058028442917,0.521625258401684,0.945870668641803,0.850679501114713,0.687735074102232,0.610675372791055,0.605210348948834,0.602565265457488,0.482254094605974,0.468623044608241,0.527314088460941,0.527314088460941,0.641267791872127
"828",828,7.8020934670233,0.39911282697644,0.967232457514908,0.896137128484042,0.776020360697315,0.727514474335455,0.736772965009373,0.75719281192902,0.607355247505856,0.504520687344261,0.501847311221059,0.501847311221059,0.799738333057237
"830",830,7.82096189136918,0.622899165582564,0.970081424055568,0.902333607372339,0.788130842556079,0.743470766934548,0.754616006911809,0.78121106354367,0.641789723336125,0.540420185292825,0.524137600353059,0.524137600353059,0.821215669437891
"831",831,7.83039610354213,0.39717740592138,0.97150596834198,0.90544317290242,0.794214133250773,0.751479196180047,0.763559972432924,0.793542819040818,0.660848010881416,0.564246800748453,0.543059073490976,0.543059073490976,0.831978876623452
"841",841,7.92473822527155,1.25664383775637,0.985753560237618,0.936936947954412,0.856024057516995,0.832588456830235,0.853700267487212,0.92587063831773,0.898518916188541,0.953985799720277,0.94996974245712,0.94996974245712,0.940046809940877
"843",843,7.94360664961743,0.980880513405515,0.988603527979846,0.943318766006542,0.868587804252642,0.849014873311928,0.871853354974539,0.95337390040207,0.949335153120622,1.0375507356682,1.04458547716873,1.04458547716873,0.961626718651927
"849",849,8.00021192265509,1.19842335987239,0.997154275869384,0.962619821182926,0.906650972145317,0.898650427461299,0.926485507700662,1.03536810667553,1.08881907760622,1.22262789142772,1.25872677108958,1.25872677108958,1.02594066404331
"857",857,8.07568562003863,0.870712602526691,1.00855713235594,0.988695962772937,0.95820524751387,0.965556546178274,0.999579537891578,1.13914459420102,1.22154435016246,1.25202895862112,1.27677709004166,1.27677709004166,1.11003314841371
"859",859,8.09455404438451,1.37187940348969,1.01140815876155,0.995272149540545,0.971226145447088,0.982394912563731,1.01787340600128,1.16367730440399,1.24716409719073,1.24200366101728,1.24755407974522,1.24755407974522,1.13066781466985
"860",860,8.10398825655745,1.14480401959346,1.01283371677761,0.998568424076796,0.977755306990802,0.990829083331681,1.02702094945231,1.17569923023399,1.25922191470601,1.23758117124041,1.23030917997567,1.23030917997567,1.14091818132273
"862",862,8.12285668090334,1.58241985990925,1.01568492060447,1.00517698291791,0.990850041480408,1.00772583433086,1.04531515716698,1.19923214767877,1.28209014635134,1.23226125127474,1.19343831762403,1.19343831762403,1.16127801761828
"873",873,8.2266330148057,1.160252222144,1.03136851418538,1.04188270421084,1.06367473138273,1.1012411745237,1.14579444006322,1.31637417837214,1.37915724648057,1.34384907414173,1.24710963824006,1.24710963824006,1.26960185252267
"877",877,8.26436986349747,1.2733869668378,1.03707240576509,1.05536906731498,1.09046106377272,1.1354439487412,1.18221465767904,1.35376412871071,1.40180228287196,1.44622114915829,1.46455406361033,1.46455406361033,1.30731019494864
"878",878,8.27380407567042,1.50635226093113,1.03849843779385,1.05875132009414,1.09718050921107,1.14400742696049,1.19130537853936,1.36266434789346,1.40590049683131,1.46388238286631,1.50388425518534,1.50388425518534,1.31658551225205
"879",879,8.28323828784336,1.72587220654043,1.03992449276863,1.06213770284481,1.10390872654523,1.15257548537047,1.20038971118229,1.37138202700413,1.4092166673103,1.47408751457673,1.52573153620384,1.52573153620384,1.32579839331588
"880",880,8.2926725000163,1.45688353253651,1.04135057034003,1.06552814917371,1.11064553415999,1.16114787093005,1.20946735738333,1.37991823744932,1.41171566488387,1.47533663098623,1.52615967400987,1.52615967400987,1.33494825962064
"882",882,8.31154092436218,1.61158069943255,1.04420279194971,1.07232098436034,1.12414427715597,1.17830484587464,1.22760189354489,1.39649962992783,1.4148574395014,1.45587743635535,1.47759726373043,1.47759726373043,1.35306149484996
"886",886,8.34927777305395,1.23518340067006,1.04990749186737,1.08595270886102,1.15123787569262,1.21266245742889,1.26378367518672,1.42813258733675,1.41879214296078,1.37698106087552,1.32444873887122,1.32444873887122,1.3885658088002
"891",891,8.39644883391867,1.30970119309921,1.05703882121224,1.10307369314843,1.18527225690078,1.25567644621453,1.30883512563724,1.46600966873661,1.43290336641005,1.32288237887141,1.30103952699781,1.30103952699781,1.43165992412155
"892",892,8.40588304609161,1.19326037297252,1.05846514446062,1.10650813408078,1.19209993205449,1.26428644915113,1.31782063773665,1.47348859397705,1.43822774367572,1.32659903870489,1.31240292242059,1.31240292242059,1.44011478608596
"893",893,8.41531725826455,1.48088192738211,1.05989148608868,1.10994585042507,1.19893418841326,1.27289845722131,1.32679758678023,1.48096311449778,1.44465693232367,1.33673955608825,1.3247580804105,1.3247580804105,1.44851670537039
"895",895,8.43418568261044,1.37221160742587,1.06274422322057,1.11683087388415,1.21262185157293,1.29012782064472,1.344725269305,1.49592381039441,1.46092836531868,1.37699376583035,1.35198282502137,1.35198282502137,1.46516329387978
"897",897,8.45305410695632,1.33117499955005,1.06559703013177,1.1237283024945,1.22633408959475,1.30736323551708,1.36261710325438,1.51087334113186,1.4808182561777,1.43903557444327,1.40281509421474,1.40281509421474,1.48159878002067
"898",898,8.46248831912926,1.46357615838986,1.06702345898609,1.12718152569035,1.23319906576292,1.31598280936793,1.37154924086343,1.5183310654818,1.49172482330892,1.47616006381906,1.44555561841298,1.44555561841298,1.48973665194488
"899",899,8.47192253130221,1.38855214551953,1.06844990436545,1.13063767902729,1.24006975729137,1.32460341594556,1.380472017384,1.52576942486811,1.50304607515784,1.51591890211411,1.50237267505942,1.50237267505942,1.49782084421948
"902",902,8.50022516782103,1.95770565013112,1.07272933671262,1.14102317485686,1.26071478454995,1.3504699997492,1.40718307531716,1.54785486317144,1.53707597243896,1.62478304943884,1.68364288273224,1.68364288273224,1.52174555572981
"903",903,8.50965937999397,1.7594798914372,1.07415584525586,1.14449050473542,1.26760700151905,1.35909331158195,1.41606731125661,1.55510001508354,1.54760285708377,1.64819595555539,1.71914345190145,1.71914345190145,1.52960913249451
"905",905,8.52852780433986,1.47854760037506,1.07700890726477,1.15143309422558,1.28140648307014,1.37634084801703,1.43380613445627,1.56936433337826,1.56637776523589,1.66508928230399,1.72043955002083,1.72043955002083,1.5451674370494
"906",906,8.5379620165128,1.65807410791661,1.07843546019604,1.15490825648635,1.28831352750163,1.38496490612255,1.44266074454048,1.57638859686723,1.57474832515562,1.66160068119932,1.69528620372006,1.69528620372006,1.55286343202508
"909",909,8.56626465303163,1.62624407070211,1.08271520351852,1.16534863525463,1.30906257941937,1.41083730427106,1.46916563577698,1.59707629587445,1.59686889045244,1.62631073893807,1.58520113132247,1.58520113132247,1.57562774923937
"915",915,8.62286992606928,1.84339454984638,1.09127504732784,1.18629219836867,1.35067703763913,1.46257697887525,1.52191364650588,1.63704262000392,1.63527486863938,1.56804146594755,1.50971115238042,1.50971115238042,1.61976950593569
"916",916,8.63230413824222,1.16627619375361,1.09270173135371,1.18979040877054,1.35762673215457,1.47119894360592,1.53067173108423,1.64355896926701,1.64183517409327,1.56824759550332,1.5201836478002,1.5201836478002,1.6269561021011
"919",919,8.66060677476105,1.77967434180154,1.09698185286526,1.2002972041328,1.37849781728951,1.49706151892714,1.55689023506584,1.66292363364573,1.66333407116265,1.59747499141049,1.58661163255292,1.58661163255292,1.64824011717036
"921",921,8.67947519910694,1.51303991069183,1.09983532262054,1.20731143005098,1.39242926494497,1.51429995216082,1.57432340584786,1.6756979287524,1.67967166581571,1.6434943801369,1.65543442464249,1.65543442464249,1.66220691249003
"926",926,8.72664625997165,1.71721698012827,1.10696917752107,1.22487851489448,1.42731366328099,1.55738196922276,1.6177495944345,1.70685483706205,1.72190696943843,1.77369603127973,1.81474393632545,1.81474393632545,1.69636103946615
"930",930,8.76438310866342,1.81697720452347,1.11267643230816,1.23896195001667,1.45527304207224,1.59183062864436,1.65233409373196,1.73060789996962,1.75005652317053,1.80523005127726,1.83130217260468,1.83130217260468,1.72291750882061
"931",931,8.77381732083636,1.92914137350523,1.11410326793371,1.24248662206409,1.46226944674124,1.60044025282775,1.66095935498062,1.73637808117335,1.75621184358645,1.80390135791175,1.82304201290607,1.82304201290607,1.72945564029364
"934",934,8.80211995735518,1.94747991284843,1.11838382404136,1.25306918685693,1.48327322110084,1.62626279258581,1.68678697981089,1.75331477978944,1.77312603705509,1.79091443147563,1.78886587630736,1.78886587630736,1.74884137334729
"939",939,8.8492910182199,1.68872622539076,1.12551823634671,1.27073317536225,1.51832402652074,1.66927900563513,1.7296805157879,1.78043175182418,1.79777829413076,1.77208089814047,1.74997675115088,1.74997675115088,1.7804425625125
"941",941,8.86815944256578,1.61494107294015,1.12837205031812,1.27780727038926,1.53235861904221,1.68647830844726,1.74678818702568,1.79095714752477,1.8067430383068,1.76840352361635,1.74363105245595,1.74363105245595,1.79285752742524
"955",955,9.00023841298697,1.8104755751513,1.1483493952004,1.32743790433494,1.63078685467386,1.80677099561431,1.86587167925163,1.86186102810474,1.8646011772505,1.83167264005333,1.82931233630425,1.82931233630425,1.87691768692329
"960",960,9.04740947385169,2.25258264867509,1.15548437771789,1.34520051098308,1.66600098311856,1.84969462019128,1.90817040660782,1.88697247284378,1.88621189080352,1.89466768446502,1.89974207430265,1.89974207430265,1.90605230839833
"961",961,9.05684368602463,1.7481693036662,1.15691138459425,1.34875481875427,1.67304667906936,1.8582773058508,1.91661869080695,1.89202351616895,1.89037831899991,1.9063615035073,1.91217140859021,1.91217140859021,1.91184070525971
"964",964,9.08514632254345,1.88775744594814,1.16119242320297,1.35942083486093,1.6941886925363,1.88402165526736,1.94194337215842,1.90725449066839,1.90193461386123,1.93253961698299,1.93881350560435,1.93881350560435,1.92914266589054
"966",966,9.10401474688934,1.71706669961933,1.16404646243161,1.36653383069491,1.70828703742018,1.90118168368776,1.95881121114769,1.91748911752099,1.90860992067797,1.93959612711955,1.9446931222931,1.9446931222931,1.94063242167885
"969",969,9.13231738340817,2.06327853784266,1.16832753893681,1.37720635954818,1.72943935412138,1.9269179753972,1.98409309168178,1.93303664966719,1.91763101123198,1.93791789114196,1.93990584569691,1.93990584569691,1.95781655984895
"970",970,9.14175159558111,1.99963893873686,1.16975456866318,1.38076459529571,1.73649127696112,1.93549585857143,1.99251569268864,1.93828926457401,1.92055660222865,1.93540540048948,1.93624270149151,1.93624270149151,1.96353459210213
"978",978,9.21722529296465,1.69640058078473,1.18117086701138,1.40924090045912,1.79292335351424,2.00410730324745,2.05983230350132,1.98215494928862,1.94996899813807,1.91974587300198,1.91406249291698,1.91406249291698,2.00920778212704
"979",979,9.22665950513759,2.17080107091882,1.18259791039364,1.41280148888487,1.79997907561063,2.01268271722723,2.06824085286055,1.98792507213246,1.95523654472716,1.92192342085663,1.91597288881565,1.91597288881565,2.01491836988294
"981",981,9.24552792948347,1.77272780852492,1.18545200013595,1.41992318153138,1.81409138798303,2.0298331870721,2.08505539620186,1.99969780098526,1.96744959628873,1.93164926652001,1.92567966359399,1.92567966359399,2.02634805296706
"984",984,9.2738305660023,2.11312964084492,1.18973314090931,1.43060679022413,1.83526169180998,2.05555832964538,2.11027242891807,2.01795607699572,1.99037374420534,1.96098402877265,1.9565014457102,1.9565014457102,2.04352020222259
"985",985,9.28326477817524,1.91841885785432,1.19116018922954,1.43416823573405,1.84231887880614,2.06413326431795,2.11867706391316,2.02418749361773,1.99913461383754,1.97391522086533,1.97040477893729,1.97040477893729,2.04925133013632
"991",991,9.3398700512129,2.03595419668401,1.19972248988043,1.45553877560284,1.88466524806568,2.11558212295118,2.16909719367977,2.0627696288856,2.06066128590092,2.06631256236766,2.07495100233535,2.07495100233535,2.08369920485486
"997",997,9.39647532425055,2.2402256689238,1.20828480099493,1.4769111393704,1.92701483236293,2.16703047115217,2.21951046020018,2.10266016611742,2.13150761510148,2.15168587606584,2.16531604313022,2.16531604313022,2.11821937233383
"998",998,9.40590953642349,2.10214628957119,1.20971185327963,1.48047327537525,1.9340732296458,2.1756051769527,2.22791239503021,2.10936466547791,2.14367518509478,2.16397715466287,2.17125122857536,2.17125122857536,2.12397592192802
"1000",1000,9.42477796076938,2.18029739888971,1.21256595791967,1.48759755960175,1.94819004452819,2.1927545792573,2.24471620352269,2.1227796748613,2.16800512585549,2.18663667225911,2.1699784484,2.1699784484,2.13548930127352
